iter	RMSE
0	0.044859136
1	0.1546971579
2	0.62751098
3	0.627500997
4	0.0004005820724
5	0.03894675196
6	0.1608301682
7	3.497286594e-05
